Datetime,Actual_GHI,Predicted_GHI,Actual_DHI,Predicted_DHI,Actual_DNI,Predicted_DNI,Actual_Wind_Speed,Predicted_Wind_Speed
2014-01-04 00:00:00,0.0,38.29208,0.0,23.924051,0.0,81.21353,1.8,2.6595578
2014-01-04 01:00:00,0.0,35.101315,0.0,17.085802,0.0,61.927708,1.9,2.5427694
2014-01-04 02:00:00,0.0,37.91113,0.0,14.538598,0.0,54.291737,2.1,2.557589
2014-01-04 03:00:00,0.0,28.646997,0.0,11.719758,0.0,38.838413,2.3000000000000003,2.577276
2014-01-04 04:00:00,0.0,6.8646803,0.0,8.468186,0.0,15.125704,2.4000000000000004,2.560891
2014-01-04 05:00:00,0.0,-10.515874,0.0,9.326905,0.0,7.491335,2.4000000000000004,2.547172
2014-01-04 06:00:00,0.0,-6.49384,0.0,18.598574,0.0,39.19985,2.4000000000000004,2.6837573
2014-01-04 07:00:00,119.0,172.7959,77.0,87.80213,234.0,257.33826,2.0,2.726916
2014-01-04 08:00:00,322.0,389.15073,149.0,146.25272,465.0,473.33502,1.4,1.850081
2014-01-04 09:00:00,506.0,580.1686,190.0,183.70154,595.0,603.97485,1.1,0.84169495
2014-01-04 10:00:00,640.0,674.7134,214.0,201.92209,665.0,663.3955,1.2000000000000002,0.7847667
2014-01-04 11:00:00,710.0,685.31866,224.0,208.06995,694.0,681.1508,1.3,1.2946233
2014-01-04 12:00:00,709.0,633.99457,224.0,202.83842,693.0,656.54584,1.2000000000000002,1.8275492
2014-01-04 13:00:00,637.0,553.9443,213.0,189.10663,660.0,607.27594,1.2000000000000002,1.953683
2014-01-04 14:00:00,502.0,442.6763,189.0,165.10812,588.0,525.8058,1.2000000000000002,1.9779752
2014-01-04 15:00:00,320.0,279.9204,148.0,125.47471,459.0,395.7196,1.1,1.9179341
2014-01-04 16:00:00,120.0,74.16993,78.0,61.869892,232.0,187.90067,1.2000000000000002,2.038854
2014-01-04 17:00:00,0.0,-9.175908,0.0,20.769705,0.0,60.268345,1.2000000000000002,2.250778
2014-01-04 18:00:00,0.0,-32.789005,0.0,0.4780898,0.0,-1.6131266,1.3,2.3665476
2014-01-04 19:00:00,0.0,-36.953037,0.0,-9.135657,0.0,-30.365263,1.3,2.5352201
2014-01-04 20:00:00,0.0,-31.268072,0.0,-11.978721,0.0,-36.054623,1.2000000000000002,2.72574
2014-01-04 21:00:00,0.0,-29.11234,0.0,-11.89524,0.0,-30.020689,1.0,2.8836985
2014-01-04 22:00:00,0.0,-25.066656,0.0,-11.88803,0.0,-24.900023,0.8,2.9257138
2014-01-04 23:00:00,0.0,-22.593603,0.0,-14.014998,0.0,-29.2254,0.6000000000000001,2.8831706
2014-01-05 00:00:00,0.0,-22.840124,0.0,-16.912283,0.0,-37.179745,0.4,2.8244476
2014-01-05 01:00:00,0.0,-26.041906,0.0,-17.652815,0.0,-40.870907,0.4,2.766694
2014-01-05 02:00:00,0.0,-34.644413,0.0,-18.594175,0.0,-51.18832,0.5,2.6715283
2014-01-05 03:00:00,0.0,-47.33051,0.0,-19.407965,0.0,-68.530426,0.6000000000000001,2.4875607
2014-01-05 04:00:00,0.0,-53.906345,0.0,-22.44895,0.0,-86.697205,0.6000000000000001,2.3839462
2014-01-05 05:00:00,0.0,-51.434483,0.0,-21.899977,0.0,-87.045105,0.5,2.402772
2014-01-05 06:00:00,0.0,-42.029636,0.0,-14.302909,0.0,-59.36337,0.5,2.4991872
2014-01-05 07:00:00,115.0,239.00793,76.0,109.15928,222.0,322.50323,0.5,1.8966045
2014-01-05 08:00:00,313.0,360.41962,147.0,147.82547,448.0,460.5039,0.6000000000000001,1.3392327
2014-01-05 09:00:00,494.0,499.11133,188.0,183.67117,577.0,582.63666,1.0,1.3247917
2014-01-05 10:00:00,626.0,594.7083,211.0,206.71933,646.0,660.094,1.1,1.3852838
2014-01-05 11:00:00,694.0,639.5684,221.0,215.11378,674.0,687.818,1.1,1.3754916
2014-01-05 12:00:00,692.0,626.9494,221.0,206.95969,672.0,653.7932,1.1,1.1823448
2014-01-05 13:00:00,622.0,554.48376,210.0,184.68442,639.0,574.7083,1.0,0.913425
2014-01-05 14:00:00,490.0,428.8354,187.0,157.11768,568.0,495.42838,0.9,0.6740761
2014-01-05 15:00:00,312.0,255.14629,146.0,110.82412,440.0,359.22787,0.8,0.7154552
2014-01-05 16:00:00,117.0,109.866035,77.0,49.039646,220.0,165.11395,0.6000000000000001,1.1286354
2014-01-05 17:00:00,0.0,23.71586,0.0,4.455301,0.0,24.579424,0.4,1.4501874
2014-01-05 18:00:00,0.0,-26.881292,0.0,-19.966734,0.0,-50.813595,0.6000000000000001,1.5520861
2014-01-05 19:00:00,0.0,-54.827213,0.0,-29.102873,0.0,-82.633606,1.1,1.6079618
2014-01-05 20:00:00,0.0,-55.11701,0.0,-29.884184,0.0,-87.196014,1.4,1.6724466
2014-01-05 21:00:00,0.0,-48.0275,0.0,-29.745504,0.0,-83.84781,1.5,1.6628885
2014-01-05 22:00:00,0.0,-44.800236,0.0,-30.9075,0.0,-83.55936,1.6,1.616945
2014-01-05 23:00:00,0.0,-45.863285,0.0,-30.100653,0.0,-80.451904,1.7000000000000002,1.6136348
2014-01-06 00:00:00,0.0,-46.021152,0.0,-28.543798,0.0,-77.14853,1.7000000000000002,1.6412288
2014-01-06 01:00:00,0.0,-45.942844,0.0,-28.183783,0.0,-78.4935,1.7000000000000002,1.6854569
2014-01-06 02:00:00,0.0,-53.40714,0.0,-29.441954,0.0,-86.456024,1.5,1.7399944
2014-01-06 03:00:00,0.0,-69.4354,0.0,-31.170446,0.0,-98.12479,1.5,1.8068849
2014-01-06 04:00:00,0.0,-83.05839,0.0,-30.479376,0.0,-103.4935,1.4,1.8771511
2014-01-06 05:00:00,0.0,-81.958565,0.0,-24.388235,0.0,-89.828064,1.4,1.9129578
2014-01-06 06:00:00,0.0,-63.07999,0.0,-11.083571,0.0,-47.40994,1.4,1.8734471
2014-01-06 07:00:00,113.0,37.486095,74.0,47.192085,215.0,140.94728,1.2000000000000002,1.5326592
2014-01-06 08:00:00,308.0,241.8155,145.0,106.649536,439.0,354.1951,0.9,1.2064742
2014-01-06 09:00:00,487.0,431.9532,187.0,152.14699,567.0,514.4864,0.8,1.0611161
2014-01-06 10:00:00,621.0,579.2103,210.0,185.09424,639.0,625.3976,0.7000000000000001,0.97881943
2014-01-06 11:00:00,692.0,675.99615,221.0,202.13239,671.0,690.0431,0.8,0.8947406
2014-01-06 12:00:00,695.0,703.35547,222.0,206.77972,673.0,709.69226,1.0,0.7899474
2014-01-06 13:00:00,627.0,658.1066,211.0,199.45583,644.0,687.8752,1.3,0.7554716
2014-01-06 14:00:00,497.0,517.85864,188.0,174.41002,576.0,606.0899,1.5,0.9803603
2014-01-06 15:00:00,319.0,333.8518,148.0,132.67169,450.0,464.44217,1.7000000000000002,1.3175416
2014-01-06 16:00:00,122.0,155.01591,79.0,69.38724,230.0,243.74904,1.9,1.2749405
2014-01-06 17:00:00,0.0,29.483973,0.0,16.639658,0.0,59.86713,2.2,1.0766519
2014-01-06 18:00:00,0.0,-14.778142,0.0,-9.132758,0.0,-11.859556,2.4000000000000004,0.98703074
2014-01-06 19:00:00,0.0,-37.153294,0.0,-12.1548605,0.0,-26.135008,2.5,1.0910784
2014-01-06 20:00:00,0.0,-53.35837,0.0,-9.848189,0.0,-24.761473,2.5,1.3319125
2014-01-06 21:00:00,0.0,-61.86292,0.0,-11.269073,0.0,-32.07446,2.6,1.5852522
2014-01-06 22:00:00,0.0,-51.972294,0.0,-9.27497,0.0,-19.834654,2.6,1.7702374
2014-01-06 23:00:00,0.0,-39.475742,0.0,-6.2362504,0.0,-1.4923686,2.7,1.9014648
2014-01-07 00:00:00,0.0,-27.007391,0.0,-2.0003114,0.0,18.32744,2.8000000000000003,2.009298
2014-01-07 01:00:00,0.0,-12.6774645,0.0,1.2154021,0.0,32.47144,2.9000000000000004,2.1030476
2014-01-07 02:00:00,0.0,-0.049626514,0.0,3.1873336,0.0,40.616154,2.8000000000000003,2.2069035
2014-01-07 03:00:00,0.0,4.591914,0.0,4.9026656,0.0,44.26276,2.7,2.3725274
2014-01-07 04:00:00,0.0,1.4238232,0.0,8.3686,0.0,49.36919,2.4000000000000004,2.5348713
2014-01-07 05:00:00,0.0,3.0396373,0.0,15.42022,0.0,65.89955,2.2,2.6341789
2014-01-07 06:00:00,0.0,19.44259,0.0,28.060183,0.0,101.799164,1.9,2.6079443
2014-01-07 07:00:00,117.0,161.78745,76.0,83.28958,229.0,282.375,1.5,2.1035287
2014-01-07 08:00:00,319.0,388.1291,148.0,139.32631,460.0,476.43323,1.1,1.5406036
2014-01-07 09:00:00,503.0,566.2344,190.0,172.44188,590.0,588.54803,0.7000000000000001,1.1759889
2014-01-07 10:00:00,639.0,721.61945,214.0,200.8025,662.0,681.3645,0.9,0.9888008
2014-01-07 11:00:00,712.0,829.9214,225.0,221.84822,693.0,749.1876,1.0,0.91750443
2014-01-07 12:00:00,714.0,847.74927,225.0,226.3036,694.0,764.06604,1.1,0.7776319
2014-01-07 13:00:00,644.0,789.2333,214.0,216.45824,663.0,729.31274,1.1,0.5737572
2014-01-07 14:00:00,510.0,586.91235,191.0,178.91208,593.0,601.3212,1.1,0.6920248
2014-01-07 15:00:00,328.0,335.47705,151.0,129.86902,465.0,436.23203,1.1,1.0642776
2014-01-07 16:00:00,126.0,137.3599,81.0,73.987816,241.0,248.51547,1.2000000000000002,1.3705697
2014-01-07 17:00:00,0.0,17.910486,0.0,28.026773,0.0,97.444,1.5,1.5497057
2014-01-07 18:00:00,0.0,-4.333165,0.0,16.865381,0.0,57.71076,2.0,1.8047955
2014-01-07 19:00:00,0.0,-10.440007,0.0,16.920717,0.0,52.521168,2.3000000000000003,2.0387652
2014-01-07 20:00:00,0.0,-15.15656,0.0,17.707895,0.0,48.31589,2.5,2.240973
2014-01-07 21:00:00,0.0,-20.393377,0.0,16.358515,0.0,40.86397,2.6,2.3777277
2014-01-07 22:00:00,0.0,-14.487554,0.0,15.598809,0.0,41.045353,2.6,2.4529793
2014-01-07 23:00:00,0.0,-1.3707324,0.0,14.421525,0.0,42.792637,2.5,2.5121875
2014-01-08 00:00:00,0.0,8.668422,0.0,11.941339,0.0,39.694706,2.5,2.5070665
2014-01-08 01:00:00,0.0,19.616297,0.0,10.673036,0.0,39.617954,2.6,2.4468174
2014-01-08 02:00:00,0.0,31.189508,0.0,10.535516,0.0,41.33196,2.7,2.3859293
2014-01-08 03:00:00,0.0,29.145655,0.0,8.213372,0.0,29.617632,2.7,2.3605926
2014-01-08 04:00:00,0.0,18.976511,0.0,7.93947,0.0,20.653185,2.7,2.3043816
2014-01-08 05:00:00,0.0,10.147624,0.0,11.799569,0.0,27.8313,2.7,2.2241924
2014-01-08 06:00:00,0.0,19.065561,0.0,24.92143,0.0,69.68393,2.6,2.125404
2014-01-08 07:00:00,118.0,152.89821,77.0,92.53947,232.0,275.5085,2.1,1.6369405
2014-01-08 08:00:00,323.0,384.85965,149.0,155.22165,467.0,488.1854,1.5,1.2513877
2014-01-08 09:00:00,510.0,549.91815,191.0,192.04913,601.0,613.96436,0.9,0.88112044
2014-01-08 10:00:00,649.0,652.8457,215.0,210.8618,673.0,678.23596,0.3,0.73158264
2014-01-08 11:00:00,723.0,694.52203,226.0,218.6533,705.0,710.7025,0.3,0.7114756
2014-01-08 12:00:00,725.0,681.1551,227.0,218.94028,705.0,715.555,0.6000000000000001,0.84828436
2014-01-08 13:00:00,654.0,622.3745,216.0,207.48349,674.0,674.4634,0.8,0.8326614
2014-01-08 14:00:00,519.0,525.88116,193.0,186.73721,603.0,608.5522,0.7000000000000001,0.7330488
2014-01-08 15:00:00,335.0,353.77133,152.0,145.03578,476.0,473.35214,0.6000000000000001,0.7348807
2014-01-08 16:00:00,131.0,152.22966,83.0,85.46373,251.0,279.474,0.4,0.7090936
2014-01-08 17:00:00,0.0,31.493174,0.0,24.757029,0.0,80.444626,0.2,0.9069391
2014-01-08 18:00:00,0.0,-8.960149,0.0,-13.977706,0.0,-42.939632,0.3,1.0437303
2014-01-08 19:00:00,0.0,-19.28205,0.0,-22.14314,0.0,-67.648254,0.6000000000000001,1.136473
2014-01-08 20:00:00,0.0,-21.427496,0.0,-19.015608,0.0,-59.22421,0.6000000000000001,1.2286594
2014-01-08 21:00:00,0.0,-20.515234,0.0,-16.748411,0.0,-53.236416,0.6000000000000001,1.242104
2014-01-08 22:00:00,0.0,-19.113379,0.0,-16.17845,0.0,-51.43954,0.5,1.2643385
2014-01-08 23:00:00,0.0,-21.399786,0.0,-14.025054,0.0,-47.545925,0.5,1.3541983
2014-01-09 00:00:00,0.0,-20.965216,0.0,-9.574775,0.0,-39.531277,0.4,1.4398881
2014-01-09 01:00:00,0.0,-11.8146105,0.0,-8.557105,0.0,-38.837337,0.5,1.4459838
2014-01-09 02:00:00,0.0,0.45345575,0.0,-10.384833,0.0,-43.429806,0.5,1.4571544
2014-01-09 03:00:00,0.0,6.4761915,0.0,-9.162871,0.0,-40.318905,0.5,1.5376949
2014-01-09 04:00:00,0.0,1.7652234,0.0,-4.766707,0.0,-31.187376,0.6000000000000001,1.6514366
2014-01-09 05:00:00,0.0,-4.311803,0.0,1.3955855,0.0,-16.635435,0.8,1.773713
2014-01-09 06:00:00,0.0,5.727168,0.0,10.888406,0.0,15.809465,1.1,1.8795512
2014-01-09 07:00:00,117.0,157.4283,76.0,95.40233,229.0,283.861,1.2000000000000002,1.7179468
2014-01-09 08:00:00,320.0,361.447,148.0,145.37514,461.0,468.8039,1.1,1.1683044
2014-01-09 09:00:00,505.0,545.4996,190.0,183.37892,592.0,605.468,1.4,0.8438982
2014-01-09 10:00:00,642.0,686.9381,214.0,210.16037,663.0,696.88916,1.3,0.7472712
2014-01-09 11:00:00,715.0,725.79504,225.0,217.12373,695.0,717.28467,1.2000000000000002,0.81212604
2014-01-09 12:00:00,717.0,723.7479,225.0,215.03825,695.0,711.0636,1.1,0.6799538
2014-01-09 13:00:00,647.0,683.9886,215.0,207.05759,663.0,690.2583,1.0,0.3625001
2014-01-09 14:00:00,514.0,584.26764,192.0,190.95079,593.0,642.29395,0.9,0.09300079
2014-01-09 15:00:00,332.0,395.79013,151.0,153.3955,466.0,518.3162,0.9,0.16359247
2014-01-09 16:00:00,130.0,198.61414,82.0,83.592514,244.0,287.25256,1.0,0.42050937
2014-01-09 17:00:00,0.0,71.9273,0.0,18.77178,0.0,73.83026,1.1,0.5377325
2014-01-09 18:00:00,0.0,37.898647,0.0,-4.2601304,0.0,3.9380817,1.3,0.59924257
2014-01-09 19:00:00,0.0,29.115015,0.0,-9.404098,0.0,-11.966642,1.4,0.6930934
2014-01-09 20:00:00,0.0,24.431879,0.0,-9.90705,0.0,-17.467588,1.4,0.8498343
2014-01-09 21:00:00,0.0,19.006678,0.0,-10.634986,0.0,-23.461882,1.5,0.98362964
2014-01-09 22:00:00,0.0,18.376612,0.0,-11.465781,0.0,-24.948301,1.5,1.0502185
2014-01-09 23:00:00,0.0,22.14857,0.0,-8.735679,0.0,-15.707884,1.4,1.0990956
2014-01-10 00:00:00,0.0,27.982126,0.0,-6.5101914,0.0,-9.330381,1.4,1.1209
2014-01-10 01:00:00,0.0,32.27165,0.0,-7.936499,0.0,-15.303892,1.5,1.144081
2014-01-10 02:00:00,0.0,27.869928,0.0,-11.092658,0.0,-26.906736,1.5,1.1992036
2014-01-10 03:00:00,0.0,13.999934,0.0,-12.59381,0.0,-34.777187,1.5,1.2719517
2014-01-10 04:00:00,0.0,-4.180211,0.0,-11.782706,0.0,-38.44842,1.4,1.3448493
2014-01-10 05:00:00,0.0,-16.074041,0.0,-7.149733,0.0,-30.55139,1.5,1.3982712
2014-01-10 06:00:00,0.0,-7.5806627,0.0,6.7672286,0.0,11.828417,1.6,1.4203484
2014-01-10 07:00:00,111.0,131.89687,73.0,81.868,210.0,252.65053,1.5,1.4632244
2014-01-10 08:00:00,307.0,444.9324,145.0,158.51488,435.0,526.45776,1.4,0.96695155
2014-01-10 09:00:00,487.0,624.6544,187.0,194.50406,565.0,656.93506,1.7000000000000002,0.511575
2014-01-10 10:00:00,622.0,709.3006,210.0,210.08054,637.0,714.23096,1.9,0.5957513
2014-01-10 11:00:00,695.0,741.36426,221.0,213.40437,669.0,728.8919,1.9,0.68647254
2014-01-10 12:00:00,697.0,746.5688,222.0,211.90681,669.0,724.7678,1.9,0.60364115
2014-01-10 13:00:00,629.0,715.0469,211.0,208.08742,638.0,712.9667,1.9,0.54300725
2014-01-10 14:00:00,499.0,610.3589,189.0,195.56552,569.0,666.5549,1.7000000000000002,0.67807436
2014-01-10 15:00:00,322.0,414.47638,149.0,154.64929,445.0,519.00464,1.3,0.9647918
2014-01-10 16:00:00,127.0,187.22493,81.0,79.3328,232.0,264.74646,0.9,0.7558236
2014-01-10 17:00:00,0.0,44.328396,0.0,16.476725,0.0,51.480396,0.4,0.9307512
2014-01-10 18:00:00,0.0,0.10344966,0.0,-2.3584733,0.0,-21.536467,0.5,1.0769035
2014-01-10 19:00:00,0.0,-4.2879686,0.0,-8.079818,0.0,-41.166073,0.9,1.1514598
2014-01-10 20:00:00,0.0,3.5754955,0.0,-6.509543,0.0,-35.46258,1.3,1.2986224
2014-01-10 21:00:00,0.0,3.7311656,0.0,-4.9861436,0.0,-30.092283,1.7000000000000002,1.4168173
2014-01-10 22:00:00,0.0,11.968684,0.0,-0.9947419,0.0,-14.425749,2.0,1.512967
2014-01-10 23:00:00,0.0,35.45103,0.0,6.522409,0.0,12.897463,2.1,1.6601504
2014-01-11 00:00:00,0.0,61.17982,0.0,12.951669,0.0,37.616245,2.2,1.737064
2014-01-11 01:00:00,0.0,76.60174,0.0,14.455514,0.0,45.977634,2.4000000000000004,1.7061212
2014-01-11 02:00:00,0.0,80.16134,0.0,13.105691,0.0,44.341236,2.4000000000000004,1.6569365
2014-01-11 03:00:00,0.0,73.93612,0.0,11.906663,0.0,41.455433,2.5,1.6340752
2014-01-11 04:00:00,0.0,56.539455,0.0,11.134339,0.0,35.2159,2.6,1.6161503
2014-01-11 05:00:00,0.0,37.710705,0.0,11.957482,0.0,32.557346,2.6,1.5784402
2014-01-11 06:00:00,0.0,37.054287,0.0,19.651896,0.0,55.39179,2.5,1.559381
2014-01-11 07:00:00,110.0,147.10284,73.0,73.68891,208.0,232.83678,2.3000000000000003,1.7432274
2014-01-11 08:00:00,305.0,380.15814,144.0,140.8828,431.0,466.97055,2.3000000000000003,1.4874471
2014-01-11 09:00:00,485.0,524.2727,186.0,172.85352,561.0,570.08905,2.4000000000000004,1.4498564
2014-01-11 10:00:00,619.0,621.8477,210.0,193.50732,632.0,636.8416,2.3000000000000003,1.3871856
2014-01-11 11:00:00,692.0,679.5672,221.0,205.44005,664.0,674.366,2.2,1.3038492
2014-01-11 12:00:00,695.0,689.06274,221.0,207.86969,665.0,681.9755,2.0,1.1897281
2014-01-11 13:00:00,628.0,645.54767,211.0,200.24869,634.0,657.12396,1.7000000000000002,1.0830863
2014-01-11 14:00:00,499.0,545.1304,189.0,182.00899,567.0,597.59955,1.4,0.98228866
2014-01-11 15:00:00,324.0,357.52145,149.0,139.96143,445.0,457.10455,1.3,0.93176013
2014-01-11 16:00:00,129.0,143.53615,82.0,72.583755,234.0,223.8774,1.4,1.2417008
2014-01-11 17:00:00,0.0,45.44343,0.0,31.076872,0.0,83.527374,1.9,1.2750707
2014-01-11 18:00:00,0.0,17.616388,0.0,13.807145,0.0,31.587694,2.4000000000000004,1.4597554
2014-01-11 19:00:00,0.0,21.679316,0.0,10.623925,0.0,23.542086,2.7,1.7002364
2014-01-11 20:00:00,0.0,30.677042,0.0,12.275224,0.0,28.487001,2.9000000000000004,1.9051023
2014-01-11 21:00:00,0.0,29.25648,0.0,11.620286,0.0,23.613756,3.0,1.9614744
2014-01-11 22:00:00,0.0,24.993418,0.0,6.2667556,0.0,6.509859,3.1,1.8892813
2014-01-11 23:00:00,0.0,29.370035,0.0,3.9150634,0.0,3.4460468,3.0,1.8547326
2014-01-12 00:00:00,0.0,36.659267,0.0,6.2637343,0.0,17.520647,3.0,1.9006444
2014-01-12 01:00:00,0.0,37.877514,0.0,9.053002,0.0,31.555712,2.9000000000000004,1.9687775
2014-01-12 02:00:00,0.0,37.47758,0.0,9.163026,0.0,33.85497,2.9000000000000004,2.0083954
2014-01-12 03:00:00,0.0,32.87071,0.0,7.2683196,0.0,25.732058,2.9000000000000004,2.036036
2014-01-12 04:00:00,0.0,26.632502,0.0,7.6006026,0.0,23.623827,2.9000000000000004,2.0466213
2014-01-12 05:00:00,0.0,25.778925,0.0,13.561669,0.0,41.110493,2.9000000000000004,2.0501869
2014-01-12 06:00:00,0.0,39.22291,0.0,27.1607,0.0,85.85344,2.8000000000000003,2.0609477
2014-01-12 07:00:00,113.0,106.28683,74.0,62.44865,217.0,191.95126,2.7,2.0156937
2014-01-12 08:00:00,313.0,304.39462,147.0,121.572266,446.0,413.49326,2.5,1.7315011
2014-01-12 09:00:00,497.0,518.6966,189.0,174.67612,578.0,584.9179,2.2,1.266845
2014-01-12 10:00:00,635.0,689.9797,213.0,206.73698,650.0,683.3351,1.9,0.77312446
2014-01-12 11:00:00,710.0,798.56366,224.0,220.72273,684.0,730.7132,1.7000000000000002,0.6521065
2014-01-12 12:00:00,715.0,778.9785,225.0,215.13635,686.0,716.2268,1.8,0.96106786
2014-01-12 13:00:00,649.0,678.8576,215.0,198.4507,658.0,663.33966,2.0,1.2502795
2014-01-12 14:00:00,520.0,570.37427,193.0,177.66365,593.0,590.4493,2.1,1.2403597
2014-01-12 15:00:00,340.0,316.5635,154.0,123.367546,473.0,404.15634,2.1,1.58075
2014-01-12 16:00:00,139.0,47.649593,86.0,43.8015,258.0,136.1539,2.1,1.8939404
2014-01-12 17:00:00,0.0,-31.002966,0.0,10.858811,0.0,32.510715,2.4000000000000004,1.9285053
2014-01-12 18:00:00,0.0,-60.289036,0.0,-11.546966,0.0,-38.839443,2.6,1.6102029
2014-01-12 19:00:00,0.0,-38.58768,0.0,-10.832496,0.0,-37.696438,2.7,1.942602
2014-01-12 20:00:00,0.0,-23.891668,0.0,-7.888991,0.0,-29.980711,2.7,2.236225
2014-01-12 21:00:00,0.0,-17.243414,0.0,-8.768111,0.0,-32.11517,2.7,2.4127529
2014-01-12 22:00:00,0.0,-9.979283,0.0,-11.208472,0.0,-35.163143,2.7,2.4812112
2014-01-12 23:00:00,0.0,-2.8580372,0.0,-12.534911,0.0,-34.657528,2.6,2.5085928
2014-01-13 00:00:00,0.0,-2.7874806,0.0,-12.900016,0.0,-33.713924,2.6,2.505444
2014-01-13 01:00:00,0.0,-8.366979,0.0,-13.665259,0.0,-35.73971,2.7,2.434873
2014-01-13 02:00:00,0.0,-14.46555,0.0,-16.363714,0.0,-46.349056,2.8000000000000003,2.341463
2014-01-13 03:00:00,0.0,-15.977452,0.0,-17.86727,0.0,-56.94174,2.9000000000000004,2.2589254
2014-01-13 04:00:00,0.0,-11.823766,0.0,-15.433188,0.0,-57.076992,3.0,2.1923332
2014-01-13 05:00:00,0.0,0.78972894,0.0,-8.063331,0.0,-38.031948,3.0,2.1746082
2014-01-13 06:00:00,0.0,25.832407,0.0,3.8173614,0.0,3.340517,2.9000000000000004,2.205025
2014-01-13 07:00:00,117.0,181.17299,76.0,84.573586,229.0,265.14807,2.4000000000000004,1.7303296
2014-01-13 08:00:00,322.0,344.87576,149.0,132.74586,464.0,432.27405,1.9,1.5165086
2014-01-13 09:00:00,510.0,486.96896,191.0,168.27339,596.0,549.64197,1.6,1.2692266
2014-01-13 10:00:00,650.0,594.7636,215.0,191.87944,668.0,627.5705,1.2000000000000002,0.9484574
2014-01-13 11:00:00,726.0,638.9902,227.0,201.3373,701.0,660.1512,0.8,0.6696638
2014-01-13 12:00:00,730.0,648.1993,227.0,204.76202,702.0,670.46765,0.8,0.85671306
2014-01-13 13:00:00,662.0,568.0909,217.0,193.07368,672.0,633.0143,0.9,1.0881886
2014-01-13 14:00:00,529.0,460.7347,195.0,173.58415,605.0,572.4956,1.1,1.1882323
2014-01-13 15:00:00,347.0,302.97034,156.0,131.9288,482.0,434.9211,1.3,1.2939764
2014-01-13 16:00:00,142.0,105.89234,88.0,67.83039,265.0,226.515,1.6,1.4554328
2014-01-13 17:00:00,1.0,-31.993841,1.0,10.680856,0.0,46.265232,2.1,1.4217592
2014-01-13 18:00:00,0.0,-86.71726,0.0,-20.205366,0.0,-52.09997,2.5,1.427143
2014-01-13 19:00:00,0.0,-76.58958,0.0,-17.72273,0.0,-45.893764,2.7,1.5255221
2014-01-13 20:00:00,0.0,-64.01978,0.0,-15.514152,0.0,-40.764614,2.7,1.639863
2014-01-13 21:00:00,0.0,-58.762943,0.0,-16.272291,0.0,-43.513638,2.7,1.732428
2014-01-13 22:00:00,0.0,-53.484776,0.0,-17.341467,0.0,-41.5986,2.6,1.785064
2014-01-13 23:00:00,0.0,-51.976383,0.0,-17.64923,0.0,-37.833706,2.4000000000000004,1.8027911
2014-01-14 00:00:00,0.0,-56.057926,0.0,-17.080503,0.0,-37.234432,2.2,1.7860352
2014-01-14 01:00:00,0.0,-61.00223,0.0,-17.512556,0.0,-41.960506,2.2,1.7579329
2014-01-14 02:00:00,0.0,-63.07105,0.0,-19.538816,0.0,-50.207973,2.3000000000000003,1.7549419
2014-01-14 03:00:00,0.0,-58.85297,0.0,-20.182592,0.0,-55.20413,2.2,1.7703551
2014-01-14 04:00:00,0.0,-48.892735,0.0,-17.24819,0.0,-51.798885,2.1,1.7955426
2014-01-14 05:00:00,0.0,-31.34928,0.0,-9.505088,0.0,-33.658566,2.0,1.8301528
2014-01-14 06:00:00,0.0,-0.14780156,0.0,4.6122603,0.0,9.474398,1.7000000000000002,1.827515
2014-01-14 07:00:00,116.0,219.7996,76.0,103.18311,227.0,327.78952,1.2000000000000002,1.5107108
2014-01-14 08:00:00,320.0,427.9735,149.0,161.85693,460.0,527.2365,0.6000000000000001,0.9956114
2014-01-14 09:00:00,507.0,587.1678,191.0,199.61996,591.0,648.672,0.4,0.54167485
2014-01-14 10:00:00,647.0,685.29663,215.0,219.35849,663.0,716.14404,0.7000000000000001,0.3754212
2014-01-14 11:00:00,723.0,698.4121,226.0,220.90868,695.0,725.17816,0.8,0.6179949
2014-01-14 12:00:00,727.0,656.86096,227.0,209.30426,697.0,688.8082,0.8,0.8040905
2014-01-14 13:00:00,661.0,580.70105,217.0,192.35286,668.0,633.4803,0.7000000000000001,0.84655607
2014-01-14 14:00:00,529.0,468.1873,195.0,170.3227,601.0,563.7546,0.6000000000000001,0.7708831
2014-01-14 15:00:00,348.0,327.98364,156.0,134.45232,480.0,440.62454,0.5,0.6310346
2014-01-14 16:00:00,144.0,158.67552,89.0,81.16904,266.0,262.2473,0.3,0.6849462
2014-01-14 17:00:00,1.0,-4.406682,1.0,24.68065,0.0,74.669556,0.4,0.64579415
2014-01-14 18:00:00,0.0,-23.500921,0.0,16.31061,0.0,51.57465,0.8,0.904856
2014-01-14 19:00:00,0.0,-18.811407,0.0,18.060698,0.0,57.74976,1.1,1.0332927
2014-01-14 20:00:00,0.0,-4.0265245,0.0,21.455523,0.0,69.37506,1.3,1.1267477
2014-01-14 21:00:00,0.0,3.212794,0.0,17.945883,0.0,60.67676,1.4,1.2078402
2014-01-14 22:00:00,0.0,1.9474438,0.0,10.907083,0.0,43.00516,1.5,1.3464454
2014-01-14 23:00:00,0.0,1.6900586,0.0,8.637895,0.0,37.098103,1.6,1.5303599
2014-01-15 00:00:00,0.0,2.2458446,0.0,10.216218,0.0,40.23064,1.8,1.6709838
2014-01-15 01:00:00,0.0,4.277156,0.0,9.266206,0.0,34.487858,1.9,1.6819767
2014-01-15 02:00:00,0.0,3.0950267,0.0,4.16546,0.0,19.140032,1.9,1.7050667
2014-01-15 03:00:00,0.0,0.4509533,0.0,2.3554473,0.0,11.803926,1.8,1.7771909
2014-01-15 04:00:00,0.0,-3.6299794,0.0,4.5155196,0.0,13.139986,1.7000000000000002,1.8249178
2014-01-15 05:00:00,0.0,-8.186254,0.0,7.048921,0.0,16.945925,1.6,1.832621
2014-01-15 06:00:00,0.0,-2.3926747,0.0,13.657525,0.0,40.589893,1.5,1.7695781
2014-01-15 07:00:00,114.0,202.32153,75.0,97.97758,222.0,325.79398,1.1,1.5480467
2014-01-15 08:00:00,317.0,443.49835,148.0,157.9221,453.0,531.31134,0.9,0.85720015
2014-01-15 09:00:00,504.0,604.08716,190.0,191.45198,585.0,643.32166,1.0,0.54628015
2014-01-15 10:00:00,643.0,707.6186,214.0,211.66243,657.0,712.91504,0.9,0.56858885
2014-01-15 11:00:00,719.0,733.6483,225.0,217.42177,690.0,736.0623,0.6000000000000001,0.69290257
2014-01-15 12:00:00,724.0,711.83997,226.0,211.97298,691.0,715.7565,0.2,0.68937206
2014-01-15 13:00:00,657.0,644.34125,216.0,196.68681,661.0,658.9014,0.3,0.6128676
2014-01-15 14:00:00,525.0,505.6669,194.0,174.30244,593.0,582.7816,0.8,0.6559758
2014-01-15 15:00:00,344.0,324.50534,155.0,136.833,469.0,457.783,1.2000000000000002,0.689705
2014-01-15 16:00:00,142.0,105.95277,88.0,66.063126,257.0,221.82639,1.6,0.7457808
2014-01-15 17:00:00,1.0,-23.88288,1.0,8.0187235,1.0,26.532305,2.1,1.1728052
2014-01-15 18:00:00,0.0,-56.646336,0.0,-17.700659,0.0,-62.841213,2.5,1.7006961
2014-01-15 19:00:00,0.0,-45.420475,0.0,-24.057974,0.0,-86.48593,2.6,2.0623884
2014-01-15 20:00:00,0.0,-29.115484,0.0,-22.875021,0.0,-79.402405,2.6,2.1474173
2014-01-15 21:00:00,0.0,-31.478003,0.0,-22.284742,0.0,-70.093445,2.5,2.0515075
2014-01-15 22:00:00,0.0,-34.700657,0.0,-22.3066,0.0,-62.455776,2.5,1.9610442
2014-01-15 23:00:00,0.0,-25.150457,0.0,-18.4904,0.0,-47.651028,2.4000000000000004,2.0038667
2014-01-16 00:00:00,0.0,-9.726323,0.0,-12.786414,0.0,-29.451292,2.3000000000000003,2.0575495
2014-01-16 01:00:00,0.0,3.0978038,0.0,-9.977363,0.0,-19.618406,2.1,2.039776
2014-01-16 02:00:00,0.0,6.1803846,0.0,-11.090125,0.0,-21.59973,1.9,2.0156326
2014-01-16 03:00:00,0.0,-0.007878468,0.0,-12.830184,0.0,-28.069792,1.6,2.0531213
2014-01-16 04:00:00,0.0,-12.898259,0.0,-13.223815,0.0,-34.68646,1.5,2.0999172
2014-01-16 05:00:00,0.0,-24.042547,0.0,-10.440177,0.0,-32.15994,1.5,2.1024566
2014-01-16 06:00:00,0.0,-15.297338,0.0,1.8078094,0.0,5.7070026,1.5,2.0693858
2014-01-16 07:00:00,111.0,121.839424,74.0,71.52736,211.0,243.61736,1.4,1.9068868
2014-01-16 08:00:00,310.0,372.82297,146.0,137.50604,438.0,473.13168,1.5,1.7376641
2014-01-16 09:00:00,494.0,548.1438,188.0,175.71242,568.0,607.5859,1.6,1.6076394
2014-01-16 10:00:00,631.0,647.74756,212.0,195.59271,640.0,677.8609,1.5,1.6709095
2014-01-16 11:00:00,707.0,683.46155,223.0,202.75243,673.0,699.5165,1.2000000000000002,1.7213683
2014-01-16 12:00:00,713.0,664.3041,224.0,197.85571,675.0,674.60535,1.0,1.6430836
2014-01-16 13:00:00,648.0,604.8407,214.0,185.78761,647.0,629.63745,0.8,1.4401231
2014-01-16 14:00:00,519.0,488.32883,193.0,165.80237,582.0,560.3641,0.8,1.218865
2014-01-16 15:00:00,342.0,296.34906,154.0,123.78119,464.0,415.5699,0.8,1.045895
2014-01-16 16:00:00,144.0,97.50489,89.0,58.35013,257.0,193.412,0.9,0.92226195
2014-01-16 17:00:00,1.0,-16.409185,1.0,2.9996963,1.0,9.225985,1.0,0.9839676
2014-01-16 18:00:00,0.0,-54.161564,0.0,-28.580343,0.0,-89.59732,1.0,1.2308248
2014-01-16 19:00:00,0.0,-45.489353,0.0,-30.172804,0.0,-91.64349,1.1,1.4892039
2014-01-16 20:00:00,0.0,-35.050602,0.0,-20.24381,0.0,-60.784634,1.3,1.7007241
2014-01-16 21:00:00,0.0,-34.63837,0.0,-14.802596,0.0,-44.495907,1.6,1.8650643
2014-01-16 22:00:00,0.0,-22.396246,0.0,-11.889808,0.0,-32.21197,1.9,1.9652723
2014-01-16 23:00:00,0.0,0.15517695,0.0,-7.3006577,0.0,-14.2732525,2.1,2.04755
2014-01-17 00:00:00,0.0,20.155481,0.0,-2.6603608,0.0,3.7878132,2.1,2.0667899
2014-01-17 01:00:00,0.0,28.471048,0.0,-1.8486085,0.0,8.703157,2.2,2.0111334
2014-01-17 02:00:00,0.0,26.3901,0.0,-4.217383,0.0,1.9008809,2.2,1.9494499
2014-01-17 03:00:00,0.0,16.377344,0.0,-6.620978,0.0,-8.464323,2.3000000000000003,1.9241222
2014-01-17 04:00:00,0.0,-1.0558826,0.0,-8.12477,0.0,-20.59204,2.4000000000000004,1.8807046
2014-01-17 05:00:00,0.0,-14.398473,0.0,-6.729544,0.0,-25.085173,2.7,1.781332
2014-01-17 06:00:00,0.0,-10.251988,0.0,3.028932,0.0,1.5979024,2.8000000000000003,1.6911571
2014-01-17 07:00:00,111.0,63.702114,74.0,53.62014,211.0,164.74142,2.6,1.7291889
2014-01-17 08:00:00,310.0,250.89229,146.0,113.13192,437.0,374.0662,2.6,1.5440052
2014-01-17 09:00:00,494.0,419.5413,188.0,154.59718,567.0,518.48016,2.8000000000000003,1.518372
2014-01-17 10:00:00,631.0,551.24756,212.0,180.99461,639.0,608.39154,2.7,1.4385756
2014-01-17 11:00:00,707.0,625.8009,223.0,192.99315,671.0,650.7903,2.5,1.2646027
2014-01-17 12:00:00,712.0,636.3262,224.0,191.35643,672.0,647.88794,2.3000000000000003,1.101477
2014-01-17 13:00:00,646.0,569.7392,214.0,176.08266,643.0,596.74506,2.2,1.0351785
2014-01-17 14:00:00,517.0,428.18262,192.0,147.70021,576.0,498.7788,2.1,1.0551151
2014-01-17 15:00:00,341.0,249.42705,154.0,104.81786,458.0,352.8787,2.0,1.0362582
2014-01-17 16:00:00,144.0,85.711174,89.0,49.398212,253.0,166.99686,2.1,1.1372195
2014-01-17 17:00:00,1.0,-3.6202748,1.0,5.626817,1.0,13.612841,2.2,1.3731472
2014-01-17 18:00:00,0.0,-15.317479,0.0,-11.174186,0.0,-43.149044,2.2,1.5693042
2014-01-17 19:00:00,0.0,-5.5329943,0.0,-9.3811865,0.0,-36.69299,2.1,1.6893101
2014-01-17 20:00:00,0.0,-2.6585438,0.0,-3.6426225,0.0,-21.259977,2.1,1.7854806
2014-01-17 21:00:00,0.0,-4.2416735,0.0,-0.5376191,0.0,-15.9651165,2.1,1.830526
2014-01-17 22:00:00,0.0,5.5666456,0.0,0.34891653,0.0,-13.773588,2.3000000000000003,1.8419443
2014-01-17 23:00:00,0.0,23.799448,0.0,1.6298919,0.0,-7.6918316,2.5,1.8308984
2014-01-18 00:00:00,0.0,37.22108,0.0,3.3135238,0.0,1.0332357,2.8000000000000003,1.7787915
2014-01-18 01:00:00,0.0,39.073086,0.0,3.3801055,0.0,4.4200153,3.1,1.7143525
2014-01-18 02:00:00,0.0,30.775492,0.0,1.4711242,0.0,-1.3497294,3.1,1.6637484
2014-01-18 03:00:00,0.0,14.332225,0.0,-1.6054673,0.0,-16.16046,2.9000000000000004,1.647718
2014-01-18 04:00:00,0.0,-6.5737658,0.0,-3.2129579,0.0,-30.167723,2.7,1.6244248
2014-01-18 05:00:00,0.0,-18.31742,0.0,-0.07108164,0.0,-26.928923,2.5,1.5644003
2014-01-18 06:00:00,0.0,-8.731053,0.0,10.967187,0.0,8.024904,2.3000000000000003,1.5020864
2014-01-18 07:00:00,111.0,73.92211,74.0,53.73946,209.0,153.58562,1.9,1.6239955
2014-01-18 08:00:00,308.0,299.93677,145.0,122.577965,433.0,395.87952,1.9,1.4850258
2014-01-18 09:00:00,491.0,455.74048,187.0,159.77246,562.0,522.7886,2.1,1.4371538
2014-01-18 10:00:00,628.0,572.2152,211.0,185.19684,633.0,608.2049,2.1,1.3841385
2014-01-18 11:00:00,703.0,648.97565,222.0,200.20485,665.0,661.19037,2.0,1.2197859
2014-01-18 12:00:00,709.0,669.7085,223.0,204.08434,667.0,676.0028,1.8,1.0650939
2014-01-18 13:00:00,645.0,612.29944,214.0,194.2843,639.0,639.91895,1.5,0.955195
2014-01-18 14:00:00,518.0,479.9326,192.0,170.30182,574.0,550.5911,1.1,0.97766477
2014-01-18 15:00:00,342.0,280.8756,154.0,122.535126,456.0,383.7953,0.8,1.2817438
2014-01-18 16:00:00,145.0,155.41455,90.0,79.836975,254.0,233.2344,0.5,1.5245243
2014-01-18 17:00:00,1.0,55.77679,1.0,40.08873,2.0,104.47359,0.7000000000000001,1.5313327
2014-01-18 18:00:00,0.0,15.486659,0.0,17.973856,0.0,37.288044,1.2000000000000002,1.6865394
2014-01-18 19:00:00,0.0,11.91389,0.0,11.6600275,0.0,18.699755,1.6,1.8951964
2014-01-18 20:00:00,0.0,9.171458,0.0,9.777444,0.0,9.60721,1.9,2.0471363
2014-01-18 21:00:00,0.0,-1.9006702,0.0,9.089135,0.0,6.9690876,1.9,2.0486872
2014-01-18 22:00:00,0.0,4.1876783,0.0,11.0859995,0.0,19.016634,2.0,1.9894663
2014-01-18 23:00:00,0.0,22.150263,0.0,11.718614,0.0,28.984118,2.1,1.9871632
2014-01-19 00:00:00,0.0,36.47456,0.0,12.841325,0.0,38.393055,2.2,1.9787076
2014-01-19 01:00:00,0.0,42.807766,0.0,13.721284,0.0,44.297413,2.2,1.949729
2014-01-19 02:00:00,0.0,40.05914,0.0,13.201432,0.0,41.969242,2.0,1.920495
2014-01-19 03:00:00,0.0,30.044367,0.0,11.808717,0.0,31.565126,1.9,1.9072859
2014-01-19 04:00:00,0.0,18.013895,0.0,11.017503,0.0,19.588167,1.7000000000000002,1.8839282
2014-01-19 05:00:00,0.0,13.182307,0.0,13.610398,0.0,20.452623,1.6,1.8292264
2014-01-19 06:00:00,0.0,21.498102,0.0,21.998575,0.0,44.63193,1.3,1.7642124
2014-01-19 07:00:00,111.0,70.287926,74.0,58.811554,209.0,155.3785,0.9,1.5944729
2014-01-19 08:00:00,310.0,256.62286,146.0,114.017654,436.0,353.4699,0.7000000000000001,1.2396761
2014-01-19 09:00:00,495.0,377.9542,188.0,141.9565,567.0,452.80817,0.6000000000000001,1.2051561
2014-01-19 10:00:00,635.0,474.52252,212.0,164.79185,640.0,529.177,0.6000000000000001,1.2460196
2014-01-19 11:00:00,713.0,565.29584,224.0,184.9127,674.0,596.0779,0.7000000000000001,1.2413841
2014-01-19 12:00:00,720.0,600.5758,225.0,194.72885,677.0,628.98773,0.7000000000000001,1.2102253
2014-01-19 13:00:00,657.0,571.9066,216.0,192.30034,650.0,621.7919,0.7000000000000001,1.2152865
2014-01-19 14:00:00,529.0,468.45285,194.0,173.28426,587.0,559.8357,0.7000000000000001,1.2460951
2014-01-19 15:00:00,351.0,291.6522,156.0,129.54019,470.0,414.10678,0.7000000000000001,1.3051127
2014-01-19 16:00:00,151.0,114.8554,92.0,68.07578,266.0,207.19304,0.9,1.425581
2014-01-19 17:00:00,2.0,7.868785,2.0,20.643515,3.0,56.092915,1.4,1.3968711
2014-01-19 18:00:00,0.0,-27.496832,0.0,6.18107,0.0,17.499743,2.0,1.3695109
2014-01-19 19:00:00,0.0,-28.347998,0.0,0.10379934,0.0,-0.07781782,2.4000000000000004,1.5425218
2014-01-19 20:00:00,0.0,-28.25556,0.0,-4.539763,0.0,-13.648344,2.6,1.6813787
2014-01-19 21:00:00,0.0,-27.468328,0.0,-6.917113,0.0,-21.334288,2.6,1.7231379
2014-01-19 22:00:00,0.0,-26.822546,0.0,-7.7858033,0.0,-23.70468,2.5,1.702129
2014-01-19 23:00:00,0.0,-22.204687,0.0,-7.137419,0.0,-19.997221,2.3000000000000003,1.6951852
2014-01-20 00:00:00,0.0,-20.133001,0.0,-5.9209886,0.0,-15.65579,2.2,1.6936791
2014-01-20 01:00:00,0.0,-22.558874,0.0,-4.892798,0.0,-14.273954,2.0,1.6705261
2014-01-20 02:00:00,0.0,-25.170752,0.0,-5.2970414,0.0,-17.809843,1.9,1.6377577
2014-01-20 03:00:00,0.0,-24.388037,0.0,-5.3261094,0.0,-21.193663,1.9,1.627807
2014-01-20 04:00:00,0.0,-19.924414,0.0,-1.6907945,0.0,-15.042692,1.9,1.6519825
2014-01-20 05:00:00,0.0,-10.743474,0.0,6.519998,0.0,6.479738,1.9,1.6740698
2014-01-20 06:00:00,0.0,9.028453,0.0,20.778193,0.0,49.695515,1.8,1.6225318
2014-01-20 07:00:00,115.0,92.56472,75.0,67.40227,220.0,192.89005,1.6,1.5232674
2014-01-20 08:00:00,318.0,355.33322,148.0,143.89095,449.0,454.54156,1.5,1.2560693
2014-01-20 09:00:00,505.0,569.35626,190.0,191.58655,580.0,605.2046,1.2000000000000002,0.7574949
2014-01-20 10:00:00,646.0,681.35846,214.0,212.4799,651.0,670.84406,0.8,0.39375392
2014-01-20 11:00:00,723.0,746.7211,226.0,224.6805,685.0,713.4188,0.6000000000000001,0.28312555
2014-01-20 12:00:00,731.0,753.24756,227.0,228.00111,687.0,725.708,0.6000000000000001,0.3299667
2014-01-20 13:00:00,666.0,688.033,217.0,218.59102,660.0,698.09607,0.7000000000000001,0.45987752
2014-01-20 14:00:00,538.0,551.2022,196.0,190.51353,596.0,613.181,0.8,0.61517155
2014-01-20 15:00:00,359.0,350.376,158.0,135.69867,480.0,439.5187,0.8,0.7947569
2014-01-20 16:00:00,156.0,112.533775,94.0,59.81864,276.0,187.47325,1.0,1.0837997
2014-01-20 17:00:00,2.0,-34.434544,2.0,4.805345,4.0,0.6928731,1.3,1.4138286
2014-01-20 18:00:00,0.0,-55.97803,0.0,-13.851516,0.0,-56.789944,1.6,1.6611774
2014-01-20 19:00:00,0.0,-31.86225,0.0,-10.521117,0.0,-43.103817,1.9,1.795089
2014-01-20 20:00:00,0.0,-19.508032,0.0,-3.3314729,0.0,-19.863096,2.0,1.9035186
2014-01-20 21:00:00,0.0,-21.90772,0.0,-2.687758,0.0,-17.444578,2.1,2.0001411
2014-01-20 22:00:00,0.0,-18.314795,0.0,-3.7918992,0.0,-17.127165,2.1,2.0606518
2014-01-20 23:00:00,0.0,-8.043401,0.0,-2.7336183,0.0,-8.851561,2.1,2.0585
2014-01-21 00:00:00,0.0,1.2435559,0.0,-0.53916025,0.0,-0.20351972,2.1,1.9723544
2014-01-21 01:00:00,0.0,7.4204664,0.0,-0.9374757,0.0,-1.3624247,2.1,1.8844944
2014-01-21 02:00:00,0.0,11.160884,0.0,-2.3560472,0.0,-5.548765,2.1,1.8684168
2014-01-21 03:00:00,0.0,11.137919,0.0,-2.4100022,0.0,-6.559477,2.1,1.9099065
2014-01-21 04:00:00,0.0,5.812068,0.0,-1.1216111,0.0,-6.323271,2.2,1.9307349
2014-01-21 05:00:00,0.0,4.610713,0.0,3.0813308,0.0,2.3689594,2.2,1.9373978
2014-01-21 06:00:00,0.0,17.506403,0.0,15.613038,0.0,38.567814,2.2,1.9091852
2014-01-21 07:00:00,115.0,110.83141,75.0,70.91519,219.0,214.44144,1.8,1.6209334
2014-01-21 08:00:00,318.0,326.88904,148.0,131.08208,448.0,419.62082,1.6,1.2101619
2014-01-21 09:00:00,507.0,523.319,190.0,171.89014,581.0,549.65875,1.4,0.90967774
2014-01-21 10:00:00,649.0,613.06604,215.0,190.6541,654.0,610.8915,1.2000000000000002,0.7582879
2014-01-21 11:00:00,729.0,650.4148,226.0,199.35841,689.0,643.45404,1.1,0.83473074
2014-01-21 12:00:00,737.0,637.1752,228.0,197.38998,692.0,635.4542,1.0,0.91577274
2014-01-21 13:00:00,674.0,558.5008,218.0,184.73994,666.0,592.52856,1.1,0.935823
2014-01-21 14:00:00,545.0,403.27087,197.0,159.07683,603.0,510.98624,1.1,0.92470574
2014-01-21 15:00:00,365.0,238.45284,160.0,118.69764,488.0,379.607,1.0,0.9692437
2014-01-21 16:00:00,160.0,110.76804,96.0,65.46193,284.0,206.95482,1.1,1.1044736
2014-01-21 17:00:00,3.0,3.0451305,3.0,15.153504,5.0,30.768328,1.3,1.1411804
2014-01-21 18:00:00,0.0,-17.30213,0.0,2.2433944,0.0,-14.519102,1.7000000000000002,1.3543282
2014-01-21 19:00:00,0.0,-8.714665,0.0,6.8644423,0.0,2.6739216,2.1,1.6111277
2014-01-21 20:00:00,0.0,-4.9746447,0.0,10.73504,0.0,19.51819,2.3000000000000003,1.8293787
2014-01-21 21:00:00,0.0,-11.40772,0.0,9.3568735,0.0,17.075808,2.5,1.9680353
2014-01-21 22:00:00,0.0,-13.818456,0.0,6.3575377,0.0,7.7832355,2.5,2.048232
2014-01-21 23:00:00,0.0,-6.1175585,0.0,6.265001,0.0,7.2137165,2.5,2.1041052
2014-01-22 00:00:00,0.0,5.455714,0.0,6.734361,0.0,10.037874,2.4000000000000004,2.1179178
2014-01-22 01:00:00,0.0,14.742015,0.0,6.5676665,0.0,13.052233,2.4000000000000004,2.115674
2014-01-22 02:00:00,0.0,19.324121,0.0,6.5007567,0.0,16.180758,2.4000000000000004,2.1245127
2014-01-22 03:00:00,0.0,16.512247,0.0,6.8577743,0.0,16.499117,2.5,2.1410985
2014-01-22 04:00:00,0.0,8.028071,0.0,8.013368,0.0,13.636843,2.5,2.1372187
2014-01-22 05:00:00,0.0,0.39232904,0.0,10.746507,0.0,13.098513,2.5,2.1309085
2014-01-22 06:00:00,0.0,7.3654737,0.0,19.894888,0.0,36.82285,2.4000000000000004,2.0850782
2014-01-22 07:00:00,117.0,199.23111,77.0,103.519455,225.0,315.8874,1.9,1.5259227
2014-01-22 08:00:00,323.0,454.42496,149.0,171.07956,456.0,546.46674,1.4,1.238849
2014-01-22 09:00:00,513.0,653.22394,191.0,210.23305,588.0,681.56976,1.3,0.96290714
2014-01-22 10:00:00,656.0,765.8168,216.0,228.65797,660.0,749.68524,1.0,0.85955
2014-01-22 11:00:00,735.0,795.9002,227.0,233.2103,694.0,769.08563,1.0,0.9009941
2014-01-22 12:00:00,743.0,783.20154,228.0,229.76494,696.0,756.5655,1.2000000000000002,0.8878908
2014-01-22 13:00:00,678.0,712.6964,219.0,217.19987,668.0,714.5014,1.3,0.8265575
2014-01-22 14:00:00,548.0,555.24854,198.0,188.84448,605.0,623.43884,1.1,0.7706922
2014-01-22 15:00:00,367.0,323.28284,160.0,134.90735,488.0,450.3143,0.7000000000000001,0.6923572
2014-01-22 16:00:00,162.0,111.08274,97.0,61.43427,285.0,204.4577,0.3,0.5837641
2014-01-22 17:00:00,3.0,26.322748,3.0,18.275255,6.0,56.215504,0.4,0.18646099
2014-01-22 18:00:00,0.0,17.325571,0.0,11.2262125,0.0,40.836597,0.7000000000000001,0.23800386
2014-01-22 19:00:00,0.0,19.386423,0.0,9.787858,0.0,44.767628,0.9,0.45111826
2014-01-22 20:00:00,0.0,31.142038,0.0,10.669351,0.0,49.05338,0.8,0.67709386
2014-01-22 21:00:00,0.0,33.765255,0.0,9.026673,0.0,41.448383,0.6000000000000001,0.7860155
2014-01-22 22:00:00,0.0,31.39805,0.0,5.707208,0.0,28.26346,0.6000000000000001,0.87664604
2014-01-22 23:00:00,0.0,30.807077,0.0,6.122995,0.0,26.875368,0.6000000000000001,1.0105906
2014-01-23 00:00:00,0.0,27.810663,0.0,6.689874,0.0,25.922167,0.8,1.1410781
2014-01-23 01:00:00,0.0,22.712732,0.0,4.9533553,0.0,18.44089,1.0,1.2102319
2014-01-23 02:00:00,0.0,17.491434,0.0,1.5636535,0.0,5.4417133,1.0,1.2419498
2014-01-23 03:00:00,0.0,11.992839,0.0,0.066491604,0.0,-3.3982525,0.9,1.2768104
2014-01-23 04:00:00,0.0,5.9033155,0.0,2.0888686,0.0,-3.1724834,0.8,1.3086804
2014-01-23 05:00:00,0.0,5.0936537,0.0,7.4274154,0.0,8.284761,0.7000000000000001,1.3441957
2014-01-23 06:00:00,0.0,22.541925,0.0,19.774183,0.0,44.363132,0.7000000000000001,1.3523747
2014-01-23 07:00:00,114.0,132.75912,75.0,78.36263,215.0,236.31958,0.6000000000000001,1.2390125
2014-01-23 08:00:00,316.0,379.28378,147.0,146.86801,440.0,481.57996,0.3,0.80584276
2014-01-23 09:00:00,502.0,561.1275,189.0,187.52039,570.0,623.6114,0.3,0.40360954
2014-01-23 10:00:00,642.0,696.6869,213.0,210.873,641.0,706.54047,0.7000000000000001,0.28161886
2014-01-23 11:00:00,720.0,751.6978,225.0,217.6766,674.0,732.2251,1.0,0.30944434
2014-01-23 12:00:00,728.0,745.23474,226.0,213.90387,677.0,719.1954,1.2000000000000002,0.34924808
2014-01-23 13:00:00,665.0,676.381,217.0,201.9993,650.0,676.60266,1.4,0.4426817
2014-01-23 14:00:00,538.0,542.3681,196.0,181.59146,587.0,606.35986,1.4,0.5948489
2014-01-23 15:00:00,360.0,364.41782,159.0,143.91034,473.0,482.24033,1.3,0.9400689
2014-01-23 16:00:00,160.0,190.90105,96.0,81.481575,275.0,267.81046,1.1,1.1289073
2014-01-23 17:00:00,4.0,43.83595,4.0,28.403227,7.0,91.847244,1.2000000000000002,0.54740536
2014-01-23 18:00:00,0.0,7.1792555,0.0,7.428766,0.0,20.677126,1.7000000000000002,0.6322044
2014-01-23 19:00:00,0.0,12.428462,0.0,9.507485,0.0,28.59398,2.2,1.0649431
2014-01-23 20:00:00,0.0,22.167719,0.0,13.900918,0.0,41.711735,2.6,1.3213948
2014-01-23 21:00:00,0.0,19.875254,0.0,13.670419,0.0,38.545506,2.8000000000000003,1.6007471
2014-01-23 22:00:00,0.0,13.406306,0.0,11.95408,0.0,28.374071,2.8000000000000003,1.9096098
2014-01-23 23:00:00,0.0,20.183283,0.0,15.902825,0.0,36.022465,2.7,2.1626477
2014-01-24 00:00:00,0.0,35.700344,0.0,20.799925,0.0,49.432926,2.7,2.2253008
2014-01-24 01:00:00,0.0,46.307537,0.0,21.250338,0.0,52.071552,2.7,2.208964
2014-01-24 02:00:00,0.0,44.26475,0.0,18.28676,0.0,43.4343,2.7,2.2521899
2014-01-24 03:00:00,0.0,32.488354,0.0,15.419854,0.0,30.463503,2.7,2.3579066
2014-01-24 04:00:00,0.0,18.538935,0.0,14.426377,0.0,18.624086,2.8000000000000003,2.450449
2014-01-24 05:00:00,0.0,10.311168,0.0,17.158648,0.0,18.990099,2.8000000000000003,2.5319135
2014-01-24 06:00:00,0.0,11.314952,0.0,25.755774,0.0,42.104877,2.7,2.6533186
2014-01-24 07:00:00,115.0,120.1067,75.0,82.03214,215.0,232.76378,2.2,2.183525
2014-01-24 08:00:00,316.0,328.1148,147.0,140.12653,440.0,448.91797,1.9,1.587574
2014-01-24 09:00:00,503.0,502.7803,189.0,177.99481,570.0,584.995,1.5,1.12539
2014-01-24 10:00:00,644.0,618.8495,213.0,197.6191,642.0,655.38605,1.1,0.69241655
2014-01-24 11:00:00,723.0,676.77966,225.0,201.7414,676.0,675.593,0.7000000000000001,0.3288882
2014-01-24 12:00:00,732.0,701.3691,226.0,204.53308,679.0,684.1645,0.7000000000000001,0.7963141
2014-01-24 13:00:00,670.0,644.562,217.0,199.32552,653.0,661.1288,0.7000000000000001,1.1825402
2014-01-24 14:00:00,543.0,539.629,197.0,187.71594,592.0,618.2237,0.9,1.3948565
2014-01-24 15:00:00,366.0,387.44693,160.0,159.19067,479.0,518.4712,1.2000000000000002,1.4616079
2014-01-24 16:00:00,164.0,179.00327,97.0,98.525955,282.0,314.89822,1.5,1.5577697
2014-01-24 17:00:00,4.0,42.158825,4.0,29.94718,9.0,95.79764,2.1,1.7514731
2014-01-24 18:00:00,0.0,9.603099,0.0,7.074327,0.0,27.524797,2.6,1.6767628
2014-01-24 19:00:00,0.0,-11.670781,0.0,-2.544005,0.0,-4.8547955,2.9000000000000004,1.398973
2014-01-24 20:00:00,0.0,-7.269475,0.0,4.316217,0.0,13.094759,2.9000000000000004,1.5161849
2014-01-24 21:00:00,0.0,-22.455328,0.0,0.6629653,0.0,-2.551176,2.9000000000000004,1.6056882
2014-01-24 22:00:00,0.0,-34.932194,0.0,-5.1962495,0.0,-19.018614,2.8000000000000003,1.6241026
2014-01-24 23:00:00,0.0,-36.210484,0.0,-5.732863,0.0,-17.568174,2.8000000000000003,1.6035227
2014-01-25 00:00:00,0.0,-32.32871,0.0,-4.254721,0.0,-12.207518,2.7,1.5775738
2014-01-25 01:00:00,0.0,-26.170752,0.0,-5.34207,0.0,-14.488981,2.7,1.571016
2014-01-25 02:00:00,0.0,-21.153418,0.0,-8.361342,0.0,-22.620634,2.6,1.6325778
2014-01-25 03:00:00,0.0,-19.665136,0.0,-9.780356,0.0,-29.05087,2.6,1.7224677
2014-01-25 04:00:00,0.0,-25.715368,0.0,-9.617492,0.0,-33.591,2.6,1.7610643
2014-01-25 05:00:00,0.0,-30.286016,0.0,-7.6909165,0.0,-30.710783,2.6,1.7465252
2014-01-25 06:00:00,0.0,-26.108435,0.0,-1.1835465,0.0,-9.44943,2.6,1.7014068
2014-01-25 07:00:00,118.0,124.25898,77.0,74.49934,223.0,243.24214,2.2,1.1552373
2014-01-25 08:00:00,325.0,381.8978,149.0,148.55528,454.0,496.5283,1.7000000000000002,0.7179607
2014-01-25 09:00:00,517.0,577.1152,192.0,186.83386,588.0,632.5333,1.5,0.24439646
2014-01-25 10:00:00,663.0,714.8393,217.0,208.19183,663.0,707.0748,1.3,-0.12010775
2014-01-25 11:00:00,745.0,784.6195,229.0,214.02692,698.0,728.381,1.2000000000000002,-0.45176753
2014-01-25 12:00:00,755.0,771.1683,230.0,206.89279,702.0,703.14087,1.3,-0.57857525
2014-01-25 13:00:00,692.0,665.6776,221.0,193.11082,677.0,654.2589,1.3,-0.4918557
2014-01-25 14:00:00,563.0,502.59885,200.0,175.4156,616.0,593.4727,1.3,-0.335121
2014-01-25 15:00:00,381.0,318.56927,164.0,139.58269,503.0,473.98203,1.3,-0.07375727
2014-01-25 16:00:00,173.0,117.14858,101.0,76.443214,303.0,264.44284,1.3,0.39324728
2014-01-25 17:00:00,6.0,-10.174626,5.0,19.704615,12.0,73.02411,1.5,0.95955193
2014-01-25 18:00:00,0.0,-49.542545,0.0,-5.187445,0.0,-14.582579,1.8,1.2207785
2014-01-25 19:00:00,0.0,-44.113926,0.0,-8.819274,0.0,-33.03335,2.1,1.2662543
2014-01-25 20:00:00,0.0,-27.487463,0.0,-1.2969041,0.0,-8.5059185,2.6,1.347148
2014-01-25 21:00:00,0.0,-30.513891,0.0,-0.014700415,0.0,-2.000883,3.0,1.3674631
2014-01-25 22:00:00,0.0,-39.038883,0.0,-3.231604,0.0,-9.228727,3.1,1.4869378
2014-01-25 23:00:00,0.0,-29.51444,0.0,-1.0616212,0.0,-1.8636149,3.2,1.6762539
2014-01-26 00:00:00,0.0,-8.708135,0.0,1.7617736,0.0,5.920992,3.2,1.7479291
2014-01-26 01:00:00,0.0,11.722194,0.0,-0.49054575,0.0,-1.2190531,3.3000000000000003,1.728186
2014-01-26 02:00:00,0.0,19.7149,0.0,-4.412169,0.0,-14.45532,3.2,1.7767967
2014-01-26 03:00:00,0.0,13.434932,0.0,-6.0220323,0.0,-22.451902,3.0,1.8886745
2014-01-26 04:00:00,0.0,2.275355,0.0,-5.689406,0.0,-25.0491,2.9000000000000004,1.985847
2014-01-26 05:00:00,0.0,-3.92954,0.0,-2.979628,0.0,-19.686735,2.9000000000000004,2.0622582
2014-01-26 06:00:00,0.0,0.95916253,0.0,7.6110244,0.0,9.14316,2.8000000000000003,2.068004
2014-01-26 07:00:00,125.0,176.58879,80.0,91.18469,241.0,287.53906,2.2,1.7887384
2014-01-26 08:00:00,337.0,390.36,153.0,146.82907,476.0,490.63516,1.7000000000000002,1.5566808
2014-01-26 09:00:00,532.0,578.80664,195.0,186.53989,608.0,629.5413,1.5,1.3833016
2014-01-26 10:00:00,679.0,729.0287,219.0,208.56235,681.0,710.7797,1.4,1.58191
2014-01-26 11:00:00,761.0,791.0496,231.0,214.80276,714.0,731.0209,1.5,1.9691828
2014-01-26 12:00:00,771.0,783.7532,232.0,212.18616,717.0,717.1537,1.7000000000000002,1.8370694
2014-01-26 13:00:00,706.0,719.53546,223.0,201.35611,691.0,677.22925,1.7000000000000002,1.4751977
2014-01-26 14:00:00,575.0,599.0047,202.0,182.97353,629.0,613.7629,1.7000000000000002,1.1471163
2014-01-26 15:00:00,391.0,423.49185,166.0,148.77208,516.0,495.03476,1.6,1.0564036
2014-01-26 16:00:00,179.0,230.3438,103.0,94.95068,315.0,302.06622,1.6,1.1085227
2014-01-26 17:00:00,7.0,72.0427,6.0,32.336536,14.0,87.475006,1.9,1.3153421
2014-01-26 18:00:00,0.0,35.329556,0.0,7.4045424,0.0,13.228624,2.3000000000000003,1.7250924
2014-01-26 19:00:00,0.0,34.927685,0.0,3.485849,0.0,4.709383,2.6,1.930204
2014-01-26 20:00:00,0.0,41.95463,0.0,7.9230742,0.0,18.701815,2.8000000000000003,2.0946991
2014-01-26 21:00:00,0.0,40.452084,0.0,8.763635,0.0,21.447695,2.9000000000000004,2.1884124
2014-01-26 22:00:00,0.0,34.31045,0.0,5.2906814,0.0,12.84305,3.0,2.1990957
2014-01-26 23:00:00,0.0,27.562586,0.0,2.17666,0.0,4.8220234,3.0,2.2127552
2014-01-27 00:00:00,0.0,24.95675,0.0,0.6731429,0.0,-1.3769816,3.0,2.202276
2014-01-27 01:00:00,0.0,29.610666,0.0,-1.6804719,0.0,-11.141203,3.0,2.1649163
2014-01-27 02:00:00,0.0,36.060116,0.0,-4.621718,0.0,-21.846159,2.9000000000000004,2.1457245
2014-01-27 03:00:00,0.0,36.932323,0.0,-6.022841,0.0,-27.785551,2.8000000000000003,2.2165847
2014-01-27 04:00:00,0.0,29.789255,0.0,-4.16664,0.0,-24.045835,2.8000000000000003,2.3048642
2014-01-27 05:00:00,0.0,20.861155,0.0,1.7015624,0.0,-5.6991253,2.8000000000000003,2.3406975
2014-01-27 06:00:00,0.0,24.348154,0.0,14.986558,0.0,40.92951,2.9000000000000004,2.2703867
2014-01-27 07:00:00,129.0,173.28256,82.0,86.27345,251.0,284.76053,2.4000000000000004,1.8172439
2014-01-27 08:00:00,345.0,416.71237,155.0,149.87689,489.0,516.797,2.0,1.1677607
2014-01-27 09:00:00,544.0,621.74695,197.0,186.21985,622.0,649.91486,2.0,0.7220187
2014-01-27 10:00:00,693.0,772.22034,222.0,208.44246,695.0,729.478,1.7000000000000002,0.45603934
2014-01-27 11:00:00,777.0,821.2376,234.0,215.25424,729.0,748.8893,1.4,0.5792823
2014-01-27 12:00:00,787.0,818.25977,235.0,212.98839,732.0,736.052,1.3,0.5971503
2014-01-27 13:00:00,721.0,764.7693,226.0,201.731,706.0,693.4848,1.2000000000000002,0.5207951
2014-01-27 14:00:00,588.0,605.0856,205.0,176.24571,644.0,607.4955,1.4,0.4184951
2014-01-27 15:00:00,401.0,356.33423,168.0,126.95711,530.0,436.1792,1.6,0.44793692
2014-01-27 16:00:00,186.0,143.22691,106.0,68.61615,328.0,235.44856,1.8,0.8814324
2014-01-27 17:00:00,8.0,46.84785,7.0,30.51721,18.0,108.835434,2.2,1.3905749
2014-01-27 18:00:00,0.0,28.436945,0.0,11.615884,0.0,52.28113,2.5,1.8478401
2014-01-27 19:00:00,0.0,45.053585,0.0,11.977273,0.0,57.39626,2.7,2.2919755
2014-01-27 20:00:00,0.0,53.50311,0.0,16.438395,0.0,69.437256,2.8000000000000003,2.6478338
2014-01-27 21:00:00,0.0,35.896587,0.0,14.466271,0.0,62.278797,2.9000000000000004,2.855245
2014-01-27 22:00:00,0.0,20.566523,0.0,10.30552,0.0,53.232975,3.0,2.9500546
2014-01-27 23:00:00,0.0,19.079355,0.0,8.173753,0.0,50.589146,3.0,2.9661584
2014-01-28 00:00:00,0.0,20.606028,0.0,6.5035567,0.0,45.372684,3.0,2.8807652
2014-01-28 01:00:00,0.0,22.364817,0.0,2.329126,0.0,30.006258,3.0,2.736776
2014-01-28 02:00:00,0.0,26.288568,0.0,-2.0628724,0.0,15.729021,3.0,2.62185
2014-01-28 03:00:00,0.0,26.29487,0.0,-3.0926728,0.0,12.747423,2.9000000000000004,2.5632563
2014-01-28 04:00:00,0.0,13.813624,0.0,-2.0672517,0.0,13.555376,2.8000000000000003,2.5348926
2014-01-28 05:00:00,0.0,-5.06281,0.0,1.3013091,0.0,20.326921,2.7,2.5207124
2014-01-28 06:00:00,0.0,2.9344127,0.0,16.5022,0.0,69.01192,2.7,2.5870523
2014-01-28 07:00:00,132.0,174.33557,83.0,93.76503,261.0,318.0477,2.2,2.47381
2014-01-28 08:00:00,352.0,288.55008,157.0,126.11407,501.0,441.15506,1.6,1.4966646
2014-01-28 09:00:00,553.0,477.1587,199.0,165.33777,634.0,578.3592,1.5,0.7997762
2014-01-28 10:00:00,704.0,615.4121,223.0,186.43674,706.0,655.70636,1.4,0.75148785
2014-01-28 11:00:00,788.0,692.0267,235.0,197.30356,738.0,694.7107,1.4,0.9489379
2014-01-28 12:00:00,797.0,680.1018,236.0,195.87277,741.0,690.24457,1.5,0.91929114
2014-01-28 13:00:00,731.0,608.7224,227.0,188.28119,714.0,661.80853,1.6,0.7649342
2014-01-28 14:00:00,596.0,479.55548,206.0,169.03618,652.0,588.02545,1.7000000000000002,0.5364193
2014-01-28 15:00:00,407.0,286.48785,170.0,127.02883,538.0,426.74704,1.7000000000000002,0.3436711
2014-01-28 16:00:00,190.0,105.26365,107.0,71.25835,335.0,222.98427,1.6,0.29428723
2014-01-28 17:00:00,9.0,7.9678144,8.0,10.025788,20.0,23.58249,1.7000000000000002,0.1770177
2014-01-28 18:00:00,0.0,8.728068,0.0,-1.1847978,0.0,-3.3174725,2.0,0.21773244
2014-01-28 19:00:00,0.0,-4.969945,0.0,-2.880568,0.0,-3.849577,2.3000000000000003,0.47990265
2014-01-28 20:00:00,0.0,-16.17536,0.0,2.7652678,0.0,9.387545,2.6,1.0128158
2014-01-28 21:00:00,0.0,-30.147772,0.0,1.2767196,0.0,-4.1267986,2.9000000000000004,1.6164677
2014-01-28 22:00:00,0.0,-38.24863,0.0,-3.5193162,0.0,-25.373014,3.0,1.9445988
2014-01-28 23:00:00,0.0,-40.96372,0.0,-5.460341,0.0,-33.71179,3.0,2.0192254
2014-01-29 00:00:00,0.0,-37.40201,0.0,-6.9217286,0.0,-39.094814,2.9000000000000004,1.9770654
2014-01-29 01:00:00,0.0,-29.77976,0.0,-10.719962,0.0,-51.581448,2.8000000000000003,1.9628448
2014-01-29 02:00:00,0.0,-25.411535,0.0,-14.325942,0.0,-62.91891,2.8000000000000003,2.028416
2014-01-29 03:00:00,0.0,-28.19007,0.0,-15.589324,0.0,-66.71954,2.7,2.0899231
2014-01-29 04:00:00,0.0,-33.269474,0.0,-14.4836035,0.0,-61.561703,2.7,2.1143305
2014-01-29 05:00:00,0.0,-33.040592,0.0,-10.556563,0.0,-44.754574,2.6,2.1533644
2014-01-29 06:00:00,0.0,-17.175177,0.0,2.229837,0.0,3.5580769,2.5,2.1700203
2014-01-29 07:00:00,131.0,138.42462,83.0,68.68895,256.0,241.78926,2.0,1.5164798
2014-01-29 08:00:00,349.0,405.54855,156.0,145.11417,493.0,505.28818,1.3,0.69079196
2014-01-29 09:00:00,548.0,611.9838,198.0,189.37546,624.0,658.7477,0.3,0.15822221
2014-01-29 10:00:00,697.0,718.76794,222.0,206.72424,694.0,719.899,1.0,-0.042763453
2014-01-29 11:00:00,779.0,748.3576,234.0,210.43918,727.0,727.27295,1.5,0.3162389
2014-01-29 12:00:00,789.0,735.3689,235.0,206.49828,729.0,710.39185,1.8,0.52424026
2014-01-29 13:00:00,723.0,677.3245,226.0,196.69333,702.0,678.7864,1.9,0.54413784
2014-01-29 14:00:00,589.0,555.49927,205.0,178.08893,640.0,616.97284,1.8,0.500661
2014-01-29 15:00:00,403.0,358.90283,169.0,139.80783,527.0,479.22745,1.6,0.43969896
2014-01-29 16:00:00,189.0,143.26839,107.0,78.20921,328.0,258.39694,1.3,0.37412682
2014-01-29 17:00:00,9.0,2.0820568,9.0,14.329797,22.0,48.63329,0.9,0.3960624
2014-01-29 18:00:00,0.0,4.9599867,0.0,4.1987777,0.0,22.044481,0.6000000000000001,0.43745425
2014-01-29 19:00:00,0.0,-3.2917225,0.0,-0.17846537,0.0,6.6423054,0.4,0.65019083
2014-01-29 20:00:00,0.0,-15.022313,0.0,-3.2908158,0.0,-6.534361,0.3,0.940283
2014-01-29 21:00:00,0.0,-27.337744,0.0,-8.688758,0.0,-27.246885,0.3,1.166093
2014-01-29 22:00:00,0.0,-40.01749,0.0,-13.039832,0.0,-43.581814,0.4,1.2697246
2014-01-29 23:00:00,0.0,-46.553776,0.0,-14.360221,0.0,-50.890774,0.5,1.3656204
2014-01-30 00:00:00,0.0,-47.6023,0.0,-15.1668005,0.0,-57.73773,0.6000000000000001,1.4999114
2014-01-30 01:00:00,0.0,-41.658207,0.0,-15.870833,0.0,-64.41293,0.7000000000000001,1.6909705
2014-01-30 02:00:00,0.0,-31.23551,0.0,-15.62786,0.0,-67.12869,1.0,1.899808
2014-01-30 03:00:00,0.0,-20.902075,0.0,-13.586738,0.0,-62.6405,1.3,2.136995
2014-01-30 04:00:00,0.0,-10.598302,0.0,-9.474593,0.0,-50.60522,1.6,2.3777084
2014-01-30 05:00:00,0.0,-1.9717456,0.0,-3.5044694,0.0,-32.259182,2.0,2.5827343
2014-01-30 06:00:00,0.0,-1.1714526,0.0,4.869539,0.0,-6.513975,2.2,2.7048914
2014-01-30 07:00:00,131.0,217.64073,83.0,92.97065,253.0,308.67828,2.1,2.2187567
2014-01-30 08:00:00,348.0,389.6797,155.0,147.00993,488.0,493.1468,1.5,1.6083097
2014-01-30 09:00:00,546.0,547.96094,198.0,182.18309,619.0,622.6102,1.1,1.0718704
2014-01-30 10:00:00,696.0,659.82996,222.0,200.63626,691.0,689.041,0.4,0.6954075
2014-01-30 11:00:00,779.0,716.4155,234.0,205.70282,724.0,705.8412,0.2,0.45590606
2014-01-30 12:00:00,789.0,730.3147,235.0,205.17249,727.0,699.02826,0.5,0.60795665
2014-01-30 13:00:00,724.0,689.6834,226.0,196.28038,701.0,667.5773,0.5,0.6336688
2014-01-30 14:00:00,592.0,549.95087,205.0,175.4952,640.0,599.4597,0.6000000000000001,0.52719355
2014-01-30 15:00:00,406.0,337.5265,169.0,129.35664,528.0,453.29053,0.7000000000000001,0.1724285
2014-01-30 16:00:00,191.0,95.0187,108.0,54.24917,330.0,210.18297,0.9,0.0053215227
2014-01-30 17:00:00,10.0,-5.461339,9.0,4.4101653,24.0,48.52445,1.3,0.41059116
2014-01-30 18:00:00,0.0,-12.734227,0.0,-12.282905,0.0,-5.7196636,1.9,0.6092416
2014-01-30 19:00:00,0.0,-2.4928334,0.0,-9.031516,0.0,-0.19778241,2.4000000000000004,0.75897706
2014-01-30 20:00:00,0.0,-2.200475,0.0,-4.012465,0.0,10.654482,2.7,0.8822503
2014-01-30 21:00:00,0.0,-15.2026415,0.0,-6.7600617,0.0,1.0934774,2.9000000000000004,1.0480616
2014-01-30 22:00:00,0.0,-25.123877,0.0,-14.247687,0.0,-18.130308,2.9000000000000004,1.1769657
2014-01-30 23:00:00,0.0,-27.732336,0.0,-18.470022,0.0,-30.259214,2.9000000000000004,1.2572019
2014-01-31 00:00:00,0.0,-27.089209,0.0,-19.660826,0.0,-37.048122,2.9000000000000004,1.3057153
2014-01-31 01:00:00,0.0,-20.92127,0.0,-20.72772,0.0,-44.143795,2.8000000000000003,1.3446244
2014-01-31 02:00:00,0.0,-9.944585,0.0,-20.934362,0.0,-47.81332,2.7,1.4007549
2014-01-31 03:00:00,0.0,-2.542394,0.0,-19.171843,0.0,-45.784725,2.7,1.4552314
2014-01-31 04:00:00,0.0,-2.1227162,0.0,-15.733024,0.0,-39.02627,2.7,1.4991491
2014-01-31 05:00:00,0.0,-1.7807971,0.0,-9.840056,0.0,-23.019651,2.6,1.537743
2014-01-31 06:00:00,0.0,11.059932,0.0,2.2256713,0.0,16.125643,2.6,1.5566887
2014-01-31 07:00:00,131.0,131.73074,83.0,71.35954,250.0,237.25296,2.2,1.448413
2014-01-31 08:00:00,346.0,366.828,155.0,145.30879,482.0,481.42642,1.7000000000000002,1.3357016
2014-01-31 09:00:00,544.0,592.97705,197.0,192.0214,613.0,646.70135,1.5,1.1165262
2014-01-31 10:00:00,693.0,767.3323,221.0,217.34634,685.0,738.4821,1.1,0.66936314
2014-01-31 11:00:00,777.0,859.80963,233.0,225.217,719.0,769.37476,0.5,0.32461014
2014-01-31 12:00:00,787.0,883.63794,234.0,225.13216,722.0,768.88995,0.1,0.147936
2014-01-31 13:00:00,723.0,830.8556,226.0,218.68307,696.0,745.0478,0.3,0.09471943
2014-01-31 14:00:00,592.0,717.8893,205.0,202.82236,636.0,690.1586,0.5,0.19237758
2014-01-31 15:00:00,406.0,538.60455,169.0,169.36226,525.0,575.3052,0.7000000000000001,0.25338128
2014-01-31 16:00:00,192.0,275.13324,108.0,106.121506,330.0,361.0439,0.8,0.2521886
2014-01-31 17:00:00,11.0,75.46493,10.0,35.613235,26.0,130.89085,1.1,0.11948695
2014-01-31 18:00:00,0.0,23.862055,0.0,8.387055,0.0,38.819584,1.6,0.0496458
2014-01-31 19:00:00,0.0,28.111887,0.0,6.86918,0.0,30.357592,2.0,0.078790806
2014-01-31 20:00:00,0.0,31.501474,0.0,11.400285,0.0,39.141544,2.5,0.16498818
2014-01-31 21:00:00,0.0,14.699672,0.0,7.359468,0.0,23.911684,2.8000000000000003,0.2547044
2014-01-31 22:00:00,0.0,-4.673009,0.0,-1.9038072,0.0,-2.4394512,3.1,0.34879616
2014-01-31 23:00:00,0.0,-16.712835,0.0,-7.8284516,0.0,-17.427702,3.2,0.4635214
